"id","upaya_kesehatan","kegiatan","satuan","target_1","target_2","target_persen","target_des","pencapaian","jenis_cakupan","jenis_indikator","jenis_subindikator","cakupan","sub_variabel","nilai","tahun","bulan"
"2","KIA DAN KB","Cakupan K1 lebih dari 12 minggu","Bumil",0,0,0,"jumlah bumil riil",0,"UKM Esensial","KIA dan KB","Kesehatan Ibu dan KB","a",0,0,"2023","1",
"3","KIA DAN KB","Cakupan K4","Bulin",0,0,0,"jumlah persalinan estimasi",0,"UKM Esensial","KIA dan KB","Kesehatan Ibu dan KB","a",0,0,"2023","1",
"4","KIA DAN KB","Cakupan K6","Bulin",0,0,0,"jumlah persalinan estimasi",0,"UKM Esensial","KIA dan KB","Kesehatan Ibu dan KB","a",0,0,"2023","1",
"5","KIA DAN KB","Jumlah Deteksi Faktor resiko ibu hamil oleh masyarakat","Bumil",0,0,0,"jumlah ibu hamil riil",0,"UKM Esensial","KIA dan KB","Kesehatan Ibu dan KB","a",0,0,"2023","1",
"6","KIA DAN KB","Jumlah komplikasi obstetri yang ditemukan","Bumil",0,0,0,"jumlah bumil riil",0,"UKM Esensial","KIA dan KB","Kesehatan Ibu dan KB","a",0,0,"2023","1",
"7","KIA DAN KB","Cakupan Ibu Bersalin di faskes","Bulin",0,0,0,"jumlah persalinan estimasi",0,"UKM Esensial","KIA dan KB","Kesehatan Ibu dan KB","a",0,0,"2023","1",
"8","KIA DAN KB","Cakupan Kf4","Bulin +Ab",0,0,0,"jumlah persalinan + ab riil",0,"UKM Esensial","KIA dan KB","Kesehatan Ibu dan KB","a",0,0,"2023","1",
"9","KIA DAN KB","Jumlah kasus Kematian Ibu","Kasus",0,0,0,"jumlah AKI",0,"UKM Esensial","KIA dan KB","Kesehatan Ibu dan KB","a",0,0,"2023","1",
"10","KIA DAN KB","Jumlah Audit Medik internal Kematian Ibu","Kasus",0,0,0,"Jumlah Kematian",0,"UKM Esensial","KIA dan KB","Kesehatan Ibu dan KB","a",0,0,"2023","1",
"11","KIA DAN KB","Jumlah Pelayanan KB aktif","Akseptor",0,0,0,"Jumlah PUS estimasi",0,"UKM Esensial","KIA dan KB","Kesehatan Ibu dan KB","a",0,0,"2023","1",
"12","KIA DAN KB","Jumlah Pelayanan Kb Pasca salin","Akseptor",0,0,0,"jumlah persalinan riil",0,"UKM Esensial","KIA dan KB","Kesehatan Ibu dan KB","a",0,0,"2023","1",
"13","KIA DAN KB","Jumlah Calon Pengantin Yang Mendapatkan Pelayanan Kesehatan Reproduksi","Catin",0,0,0,"jumlah Catin dalam wilayah Puskesmas terdaftar KUA",0,"UKM Esensial","KIA dan KB","Kesehatan Ibu dan KB","a",0,0,"2023","1",
"14","KIA DAN KB","Jumlah ibu hamil terdata di Sigaspol","Ibu hamil",0,0,0,"Jumlah ibu hamil baru dan lama yang terinput Sigaspol",0,"UKM Esensial","KIA dan KB","Kesehatan Ibu dan KB","a",0,0,"2023","1",
"15","KIA DAN KB","Jumlah Pendampingan ibu hamil oleh nakes","Bumil",0,0,0,"jumlah ibu hamil didampingi dan terinput di sigaspol",0,"UKM Esensial","KIA dan KB","Kesehatan Ibu dan KB","a",0,0,"2023","1",
"16","KIA DAN KB","Jumlah Pendampingan ibu nifas oleh nakes","Bulin +Ab",0,0,0,"jumlah ibu Nifas ( (bersalin + Ab ) didampingi dan terinput",0,"UKM Esensial","KIA dan KB","Kesehatan Ibu dan KB","a",0,0,"2023","1",
"17","Kesehatan Anak","Jumlah Kunjungan Neonatal lengkap","Bayi",0,0,0,"jumlah KH estimasi",0,"UKM Esensial","KIA dan KB","Kesehatan Anak","a",0,0,"2023","1",
"18","Kesehatan Anak","Jumlah Neonatus resiko tinggi / komplikasi yang ditangani","Bayi",0,0,0,"jumlah seluruh  Neonatus resiko tinggi/komplikasi di wilayah kerja Puskesmas",0,"UKM Esensial","KIA dan KB","Kesehatan Anak","a",0,0,"2023","1",
"19","Kesehatan Anak","Cakupan bayi berat lahir rendah/ BBLR (Target <= 6%)","Kasus",0,0,0,"jumlah KH riil",0,"UKM Esensial","KIA dan KB","Kesehatan Anak","a",0,0,"2023","1",
"20","Kesehatan Anak","Pendampingan Neonatal","Bayi",0,0,0,"jumlah KH Riil",0,"UKM Esensial","KIA dan KB","Kesehatan Anak","a",0,0,"2023","1",
"21","Kesehatan Anak","Jumlah Kasus Lahir Mati (IUFD)","Kasus",0,0,0,"Jumlah Kasus Lahir Mati di wilayah kerja Puskesmas",0,"UKM Esensial","KIA dan KB","Kesehatan Anak","a",0,0,"2023","1",
"22","Kesehatan Anak","Jumlah kematian Bayi (0-11 bulan)","Kasus",0,0,0,"Jumlah Kematian Bayi (0-11 bulan) di wilayah kerja Puskesmas dalam satu tahun",0,"UKM Esensial","KIA dan KB","Kesehatan Anak","a",0,0,"2023","1",
"23","Kesehatan Anak","Jumlah kematian anak Balita (12-59 bulan)","Kasus",0,0,0,"Jumlah Kematian Anak Balita (12-59 bulan) di wilayah kerja Puskesmas dalam satu tahun",0,"UKM Esensial","KIA dan KB","Kesehatan Anak","a",0,0,"2023","1",
"24","Kesehatan Anak","Jumlah Audit Medik kasus kematian Balita (0-59 bulan) di Puskesmas","Kasus",0,0,0,"jumlah kematian  balita (0-59 bulan) di wilayah kerja puskesmas dalam satu tahun",0,"UKM Esensial","KIA dan KB","Kesehatan Anak","a",0,0,"2023","1",
"25","Kesehatan Anak","Jumlah balita sakit yang di MTBS","Balita",0,0,0,"Jumlah kunjungan balita sakit di Puskesmas",0,"UKM Esensial","KIA dan KB","Kesehatan Anak","a",0,0,"2023","1",
"26","Kesehatan Anak","Jumlah balita yang dilayani sesuai standar","Balita",0,0,0,"jumlah estimasi anak balita yang berusia 12, 24, 36, 48, dan 59 bulan di wilayah puskesmas",0,"UKM Esensial","KIA dan KB","Kesehatan Anak","a",0,0,"2023","1",
"27","Kesehatan Anak","Jumlah APRAS yang dilayani sesuai standar (SDIDTK)","Anak pra sekolah",0,0,0,"jumlah anak pra sekolah usia 60-72 bulan di TK/RA di satu wilayah puskesmas tertentu",0,"UKM Esensial","KIA dan KB","Kesehatan Anak","a",0,0,"2023","1",
"28","Kesehatan Anak","Jumlah PAUD/ KB/ TPA/ TK/ RA yang muridnya di SDIDTK","Sekolah",0,0,0,"Jumlah PAUD/ KB/ TPA/ TK/ RA di wilayah puskesmas",0,"UKM Esensial","KIA dan KB","Kesehatan Anak","a",0,0,"2023","1",
"29","Kesehatan Anak","Jumlah kelas ibu balita yang terlaksana","Kelas/kelurahan",0,0,0,"Jumlah seluruh kelurahan wilayah puskesmas dikalikan 3x pertemuan kelas ibu balita",0,"UKM Esensial","KIA dan KB","Kesehatan Anak","a",0,0,"2023","1",
"225","IMS, HIV dan 3E","Cakupan On ARV","Orang",0,0,0,"Jumlah Pasien ditemukan",0,"UKM Esensial","Pencengahan dan Pengendalian Penyakit","PEMBERANTASAN PENYAKIT","a",0,0,"2023","1",
"30","Kesehatan Anak","jumlah pelayanan kesehatan korban kekerasan thd perempuan dan anak","Kasus",0,0,0," jml seluruh korban KTPA yang terdata datang ke Puskesmas",0,"UKM Esensial","KIA dan KB","Kesehatan Anak","a",0,0,"2023","1",
"31","Penggerakan GERMAS","Pelaksanaan LAWANG SEWU PUSKESMAS","Lokasi",0,0,0,"Total pelaksanaan LAWANG SEWU Puskesmas (Min 24 kali/tahun) Boleh di Kelurahan yang sama, dengan sasaran yang berbeda. (Contoh: Beda RT)",0,"UKM Esensial","Promosi Kesehatan","Penggerakan Germas","a",0,0,"2023","1",
"32","Penggerakan GERMAS","Pengunjung LAWANG SEWU PUSKESMAS","Orang",0,0,0,"Total pengunjung (Min 480 orang/tahun) Min 20 orang/ kegiatan",0,"UKM Esensial","Promosi Kesehatan","Penggerakan Germas","a",0,0,"2023","1",
"33","Penggerakan GERMAS","Peserta Screening Gula Darah (Gendis Larang)","Orang",0,0,0,"Total peserta Screening Gula Darah (Gendis Larang) (Min 480 orang/tahun) Min 20 orang/ kegiatan",0,"UKM Esensial","Promosi Kesehatan","Penggerakan Germas","a",0,0,"2023","1",
"34","Penggerakan GERMAS","Rumah yang dipantau jentik nyamuk (PJN)","Rumah",0,0,0,"Total rumah yang dipantau jentik nyamuk (Min 480 rumah/tahun) Min 20 rumah/ kegiatan",0,"UKM Esensial","Promosi Kesehatan","Penggerakan Germas","a",0,0,"2023","1",
"35","Penggerakan GERMAS","Rumah yang dilaksanakan IKL (Inspeksi Kesehatan Lingkungan)","Rumah",0,0,0,"Total rumah yang dilakukan IKL (Min 480 rumah/tahun) Min 20 rumah/ kegiatan",0,"UKM Esensial","Promosi Kesehatan","Penggerakan Germas","a",0,0,"2023","1",
"36","Kampanye PHBS","Rumah Tangga Kelompok KIA GIZI","RT",0,0,0,"Jumlah rumah tangga dengan prioritas masalah Kelompok KIA GIZI yang dikaji oleh puskesmas dalam waktu 1 tahun",0,"UKM Esensial","Promosi Kesehatan","Kampanye PHBS","a",0,0,"2023","1",
"37","Kampanye PHBS","Rumah Tangga Kelompok KESLING","RT",0,0,0,"Jumlah rumah tangga dengan prioritas masalah Kelompok KESLING yang dikaji oleh puskesmas dalam waktu 1 tahun",0,"UKM Esensial","Promosi Kesehatan","Kampanye PHBS","a",0,0,"2023","1",
"38","Kampanye PHBS","Rumah Tangga Kelompok GAYA HIDUP","RT",0,0,0,"Jumlah rumah tangga dengan prioritas masalah Kelompok GAYA HIDUP yang dikaji oleh puskesmas dalam waktu 1 tahun",0,"UKM Esensial","Promosi Kesehatan","Kampanye PHBS","a",0,0,"2023","1",
"39","Kampanye PHBS","Rumah Tangga Kelompok UKM","RT",0,0,0,"Jumlah rumah tangga dengan prioritas masalah Kelompok UKM yang dikaji oleh puskesmas dalam waktu 1 tahun",0,"UKM Esensial","Promosi Kesehatan","Kampanye PHBS","a",0,0,"2023","1",
"40","Kampanye PHBS","Institusi Pendidikan","Sekolah",0,0,0,"jml seluruh institusi pendidikan di wil kerja pusk",0,"UKM Esensial","Promosi Kesehatan","Kampanye PHBS","a",0,0,"2023","1",
"41","Kampanye PHBS","Sarana Pelayanan Kesehatan","Lokasi",0,0,0,"Jumlah seluruh sarana pelayanan kesehatan di wil kerja pusk",0,"UKM Esensial","Promosi Kesehatan","Kampanye PHBS","a",0,0,"2023","1",
"42","Kampanye PHBS","Tempat Tempat Umum","Lokasi",0,0,0,"Jumlah keseluruhan TTU di wil kerja pusk",0,"UKM Esensial","Promosi Kesehatan","Kampanye PHBS","a",0,0,"2023","1",
"43","Intervensi PHBS","Rumah Tangga Kelompok KIA GIZI","RT",0,0,0,"Jumlah rumah tangga dengan prioritas masalah Kelompok KIA GIZI yang diintervensi oleh puskesmas dalam waktu 1 tahun",0,"UKM Esensial","Promosi Kesehatan","Kampanye PHBS","a",0,0,"2023","1",
"44","Intervensi PHBS","Rumah Tangga Kelompok KESLING","RT",0,0,0,"Jumlah rumah tangga dengan prioritas masalah Kelompok KESLING yang diintervensi oleh puskesmas dalam waktu 1 tahun",0,"UKM Esensial","Promosi Kesehatan","Kampanye PHBS","a",0,0,"2023","1",
"45","Intervensi PHBS","Rumah Tangga Kelompok GAYA HIDUP","RT",0,0,0,"Jumlah rumah tangga dengan prioritas masalah Kelompok GAYA HIDUP yang diintervensi oleh puskesmas dalam waktu 1 tahun",0,"UKM Esensial","Promosi Kesehatan","Kampanye PHBS","a",0,0,"2023","1",
"46","Intervensi PHBS","Rumah Tangga Kelompok UKM","RT",0,0,0,"Jumlah rumah tangga dengan prioritas masalah Kelompok UKM yang diintervensi oleh puskesmas dalam waktu 1 tahun",0,"UKM Esensial","Promosi Kesehatan","Kampanye PHBS","a",0,0,"2023","1",
"47","Intervensi PHBS","Institusi Pendidikan","Sekolah",0,0,0,"Jumlah institusi pendidikan yang dilakukan intervensi berdasarkan prioritas masalah hasil pengkajian PHBS.",0,"UKM Esensial","Promosi Kesehatan","Kampanye PHBS","a",0,0,"2023","1",
"48","Intervensi PHBS","Sarana Pelayanan Kesehatan","Lokasi",0,0,0,"Jumlah saryankes yang dilakukan intervensi berdasarkan prioritas masalah hasil pengkajian PHBS.",0,"UKM Esensial","Promosi Kesehatan","Kampanye PHBS","a",0,0,"2023","1",
"49","Intervensi PHBS","Tempat Tempat Umum","Lokasi",0,0,0,"Jumlah tempat-tempat umum yang dilakukan intervensi berdasarkan prioritas masalah hasil pengkajian PHBS.",0,"UKM Esensial","Promosi Kesehatan","Kampanye PHBS","a",0,0,"2023","1",
"50","Inovasi PHBS","SK Area Kawasan Tanpa Rokok","Lokasi",0,0,0,"Puskesmas memiliki binaan Wilayah Kawasan Tanpa Rokok di 1 Kelurahan/tahun dibuktikan dengan pembuatan SK KTR",0,"UKM Esensial","Promosi Kesehatan","Kampanye PHBS","a",0,0,"2023","1",
"51","Inovasi PHBS","Prooposal Kawasan Tanpa Rokok","Laporan",0,0,0,"Proposal deskripsi Kawasan Tanpa Rokok (jml 1/tahun)",0,"UKM Esensial","Promosi Kesehatan","Kampanye PHBS","a",0,0,"2023","1",
"52","Penyuluhan Program Kesehatan","Jumlah penyuluhan individu","RT",0,0,0,"jml kegiatan penyuluhan yg dilakukan dgn sasaran perorangan (kunjungan sakit, sehat, konsultasi gizi, klinik sanitasi, klinik berhenti merokok, PKPR dll) 300 orang/tahun",0,"UKM Esensial","Promosi Kesehatan","Penyuluhan Program Kesehatan","a",0,0,"2023","1",
"53","Penyuluhan Program Kesehatan","Jumlah kunjungan rumah","RT",0,0,0,"jml keg penyuluhan yg dilak dgn mlk kunj ketiap rumah penduduk di wil kerja pusk sebanyak 240 rumah/tahun",0,"UKM Esensial","Promosi Kesehatan","Penyuluhan Program Kesehatan","a",0,0,"2023","1",
"54","Penyuluhan Program Kesehatan","Jumlah penyuluhan kelompok","RT",0,0,0,"jml keg penyuluhan yg dilak dgn sasaran tiap kelomp dgn jml peserta min sebnyk 5 orang per bulan sebanyak 120 kelompok/tahun",0,"UKM Esensial","Promosi Kesehatan","Penyuluhan Program Kesehatan","a",0,0,"2023","1",
"55","Penyuluhan Program Kesehatan","Jumlah media cetak berdasarkan tema pesan dalam komunikasi, informasi & edukasi kpd masy","RT",0,0,0,"jumlah media cetak yang diproduksi (Target 12/tahun)",0,"UKM Esensial","Promosi Kesehatan","Penyuluhan Program Kesehatan","a",0,0,"2023","1",
"56","Penyuluhan Program Kesehatan","Pembuatan media flyer kesehatan digital melalui media sosial","Sekolah",0,0,0,"Media flyer kesehatan digital melalui media sosial instagram puskesmas,WAG dll sejumlah 72 media/tahun",0,"UKM Esensial","Promosi Kesehatan","Penyuluhan Program Kesehatan","a",0,0,"2023","1",
"57","Penyuluhan Program Kesehatan","Pembuatan ILM melalui media sosial (Tiktok/Reels)","ILM",0,0,0,"jumlah Tiktok/Reels yang diproduksi (Target 1/bulan)",0,"UKM Esensial","Promosi Kesehatan","Penyuluhan Program Kesehatan","a",0,0,"2023","1",
"58","Penyuluhan Program Kesehatan","Pembuatan Iklan Layanan Masyarakat melalui Film Pendek","ILM",0,0,0,"jumlah ILM yang diproduksi (min 1 film)",0,"UKM Esensial","Promosi Kesehatan","Penyuluhan Program Kesehatan","a",0,0,"2023","1",
"59","Penyuluhan Program Kesehatan","Pengguna Aplikasi BIDIK PROKES","Lokasi",0,0,0,"Jumlah kegiatan penyuluhan dan pemantauan protokol kesehatan agar dilaporkan melalui aplikasi BIDIK PROKES (300/tahun)",0,"UKM Esensial","Promosi Kesehatan","Penyuluhan Program Kesehatan","a",0,0,"2023","1",
"60","Penyelenggaraan Kota Sehat","Pendampingan SMD MMD di tingkat Kelurahan","kelurahan",0,0,0,"Jumlah pendampingan SMD MMD di Semua Kelurahan Wilayah Kerja Puskesmas",0,"UKM Esensial","Kesehatan Lingkungan","Pengawasan Kualitas Air Minum (PKAM) & Tempat Pengelolaan Pangan (TPP)","a",0,0,"2023","1",
"61","Pengawasan Kualitas Air Minum (PKAM) & Tempat Pengelolaan Pangan (TPP)","Jumlah sampel air minum (PDAM) yang diambil dan diperiksa","sampel",0,0,0,"jumlah sarana PDAM yang di ambil sampel. Pemeriksaan Mikrobiologi min 3 sampel/bulan dan Pemeriksaan Fisika-Kimia min 4 sampel/tahun.",0,"UKM Esensial","Kesehatan Lingkungan","Pengawasan Kualitas Air Minum (PKAM) & Tempat Pengelolaan Pangan (TPP)","a",0,0,"2023","1",
"62","Pengawasan Kualitas Air Minum (PKAM) & Tempat Pengelolaan Pangan (TPP)","Jumlah Sampel Sarana Air Minum (SAM) yang diperiksa","sampel",0,0,0,"Jumlah sarana Air minum (SAM) yang di IKL yang memenuhi syarat dan di ambil sampel. Sarana Air Minumnya adalah Artetis KomunaL yang dikelola KPSPAM PAMSIMAS dan Non PAMSIMAS (min 20 KK)",0,"UKM Esensial","Kesehatan Lingkungan","Pengawasan Kualitas Air Minum (PKAM) & Tempat Pengelolaan Pangan (TPP)","a",0,0,"2023","1",
"63","Pengawasan Kualitas Air Minum (PKAM) & Tempat Pengelolaan Pangan (TPP)","Jumlah sampel air minum/air siap minumbersih Rumah Tangga (SKAMRT) yang diambil dan diperiksa dengan memanfaatkan Sanitarian Kit dan Labkes","sampel",0,0,0,"Sebanyak 10 rumah tangga/puskesmas/tahun. Dengan jumlah sampel 10 sarana air minum dan 10 air siap minum. Yang di uji adalah pH, Suhu, TDS, Nitrat, Nitrit, Krom valensi 6, E.coli.",0,"UKM Esensial","Kesehatan Lingkungan","Pengawasan Kualitas Air Minum (PKAM) & Tempat Pengelolaan Pangan (TPP)","a",0,0,"2023","1",
"64","Pengawasan Kualitas Air Minum (PKAM) & Tempat Pengelolaan Pangan (TPP)","Jumlah sampel air minum yang tidak memenuhi syarat dan dilakukan intervensi","sampel",0,0,0,"Jumlah sampel air minum yang tidak memenuhi syarat",0,"UKM Esensial","Kesehatan Lingkungan","Pengawasan Kualitas Air Minum (PKAM) & Tempat Pengelolaan Pangan (TPP)","a",0,0,"2023","1",
"65","Pengawasan Kualitas Air Minum (PKAM) & Tempat Pengelolaan Pangan (TPP)","Jumlah sampel makanan/ minuman yang diperiksa","sampel",0,0,0,"Jumlah TPP (DAM dan Kantin/Sentra Jajanan) di IKL yang memenuhi syarat dan di ambil sampel. Pemeriksaan Uji sampel DAM 1x/tahun dan Kantin 3x/tahun.",0,"UKM Esensial","Kesehatan Lingkungan","Pengawasan Kualitas Air Minum (PKAM) & Tempat Pengelolaan Pangan (TPP)","a",0,0,"2023","1",
"66","Pengawasan Kualitas Air Minum (PKAM) & Tempat Pengelolaan Pangan (TPP)","Jumlah sampel mak/ min yang tidak memenuhi syarat kesehatan dan dilakukan intervensi","sampel",0,0,0,"Jumlah sampel mak/min yg tdk memenuhi syarat",0,"UKM Esensial","Kesehatan Lingkungan","Pengawasan Kualitas Air Minum (PKAM) & Tempat Pengelolaan Pangan (TPP)","a",0,0,"2023","1",
"67","Pengawasan Kualitas Air Minum (PKAM) & Tempat Pengelolaan Pangan (TPP)","Jumlah TFU yang diperiksa","TFU",0,0,0,"Total TFU (Sekolah, Fasyankes,Pasar, Hotel) ",0,"UKM Esensial","Kesehatan Lingkungan","Pengawasan dan Pengendalian Tempat Fasilitas Umum (TFU) DAN Tempat Pengelolaan Pangan (TPP)","a",0,0,"2023","1",
"68","Pengawasan Kualitas Air Minum (PKAM) & Tempat Pengelolaan Pangan (TPP)","Jumlah TFU yang tidak memenuhi syarat dan dilakukan intervensi","TFU",0,0,0,"Jumlah TFU yg diperiksa tdk memenuhi syarat dan dilakukan intervensi",0,"UKM Esensial","Kesehatan Lingkungan","Pengawasan dan Pengendalian Tempat Fasilitas Umum (TFU) DAN Tempat Pengelolaan Pangan (TPP)","a",0,0,"2023","1",
"69","Pengawasan Kualitas Air Minum (PKAM) & Tempat Pengelolaan Pangan (TPP)","Jumlah TPP yang diperiksa","TPP",0,0,0,"Total TPP ( Jasaboga, Restoran, DAM, Kantin/Sentra Jajanan) ",0,"UKM Esensial","Kesehatan Lingkungan","Pengawasan dan Pengendalian Tempat Fasilitas Umum (TFU) DAN Tempat Pengelolaan Pangan (TPP)","a",0,0,"2023","1",
"70","Pengawasan Kualitas Air Minum (PKAM) & Tempat Pengelolaan Pangan (TPP)","Jumlah TPP yang tidak memenuhi syarat dan dilakukan intervensi","TPP",0,0,0,"Jumlah TPP yg diperiksa tdk memenuhi syarat dan dilakukan intervensi",0,"UKM Esensial","Kesehatan Lingkungan","Pengawasan dan Pengendalian Tempat Fasilitas Umum (TFU) DAN Tempat Pengelolaan Pangan (TPP)","a",0,0,"2023","1",
"71","PengPengawasan dan Pengendalian Penyehatan Lingkungan Pemukiman","Jumlah rumah yang diperiksa","rumah",0,0,0,"Jumlah seluruh rumah yg ada di wilayah puskesmas (Prioritas rumah dengan keluarga kasus stunting, gizi buruk, gizi kurang, penyakit berbasis lingkungan lainnya)",0,"UKM Esensial","Kesehatan Lingkungan","PengPengawasan dan Pengendalian Penyehatan Lingkungan Pemukiman","a",0,0,"2023","1",
"72","PengPengawasan dan Pengendalian Penyehatan Lingkungan Pemukiman","Jumlah rumah diperiksa yang tidak memenuhi syarat dan dilakukan intervensi","rumah",0,0,0,"Jumlah rumah yg diperiksa dan tdk memenuhi syarat",0,"UKM Esensial","Kesehatan Lingkungan","PengPengawasan dan Pengendalian Penyehatan Lingkungan Pemukiman","a",0,0,"2023","1",
"73","PengPengawasan dan Pengendalian Penyehatan Lingkungan Pemukiman","Jumlah rumah yang diperiksa SAMnya, yang tidak memenuhi syarat dan dilakukan intervensi","SAM",0,0,0,"Jumlah rumah yang diperiksa SAMnya, yang tidak memenuhi syarat dan dilakukan intervensi",0,"UKM Esensial","Kesehatan Lingkungan","PengPengawasan dan Pengendalian Penyehatan Lingkungan Pemukiman","a",0,0,"2023","1",
"74","PengPengawasan dan Pengendalian Penyehatan Lingkungan Pemukiman","Jumlah rumah yang diperiksa jambannya, yang tidak memenuhi syarat dan dilakukan intervensi","jamban",0,0,0,"Jamban yang masuk ke dalam Kategori Sanitasi aman:                                                              1. Kloset Leher angsa                                                2. Tangki septik atau SPAL                                   3. Penyedotan min sekali dalam jangka waktu 5 tahun terakhir.",0,"UKM Esensial","Kesehatan Lingkungan","PengPengawasan dan Pengendalian Penyehatan Lingkungan Pemukiman","a",0,0,"2023","1",
"75","PengPengawasan dan Pengendalian Penyehatan Lingkungan Pemukiman","Jumlah rumah yang diperiksa tempat sampahnya, yang tidak memenuhi syarat dan dilakukan intervensi","tempat sampah",0,0,0,"Kategori sampah yang memenuhi syarat:                                                1. Kuat                                                                                 2. Tertutup                                                                       3. mudah di bersihka                                                 4. tidak membuang sampah sembarangan atau dibakar                                                                   5. adanya pemilahan sampah anorganik dan organik)",0,"UKM Esensial","Kesehatan Lingkungan","PengPengawasan dan Pengendalian Penyehatan Lingkungan Pemukiman","a",0,0,"2023","1",
"76","PengPengawasan dan Pengendalian Penyehatan Lingkungan Pemukiman","Jumlah rumah yang diperiksa SPALnya, yang tidak memenuhi syarat dan dilakukan intervensi","SPAL",0,0,0,"Kategori SPAL yang memenuhi syarat:               1. kedap air                                                       2. tidak ada genangan air",0,"UKM Esensial","Kesehatan Lingkungan","PengPengawasan dan Pengendalian Penyehatan Lingkungan Pemukiman","a",0,0,"2023","1",
"77","Pembinaan Penyehatan Lingkungan Sehat","Kegiatan komposting di puskesmas","pusk",0,0,0,"kegiatan komposting di Puskesmas pada periode Januari sampai Desember",0,"UKM Esensial","Kesehatan Lingkungan","Pembinaan Penyehatan Lingkungan Sehat","a",0,0,"2023","1",
"78","Pembinaan Penyehatan Lingkungan Sehat","Rujukan pasien penderita penyakit berbasis lingkungan dari BP atau SIMPUS","pasien",0,0,0,"Jumlah pasien penderita penyakit berbasis lingkungan yg ada",0,"UKM Esensial","Kesehatan Lingkungan","Pembinaan Penyehatan Lingkungan Sehat","a",0,0,"2023","1",
"79","Pembinaan Penyehatan Lingkungan Sehat","Konseling dari petugas Penyehatan Lingkungan di puskesmas kepada pasien rujukan dari BP atau SIMPUS","pasien",0,0,0,"Jumlah pasien yang dirujuk oleh BP atau SIMPUS",0,"UKM Esensial","Kesehatan Lingkungan","Pembinaan Penyehatan Lingkungan Sehat","a",0,0,"2023","1",
"80","Pembinaan Penyehatan Lingkungan Sehat","Kunjungan rumah terhadap pasien yang sudah dikonseling","pasien",0,0,0,"30 % dari jumlah pasien yang mendapatkan konseling dari petugas klinik sanitasi",0,"UKM Esensial","Kesehatan Lingkungan","Pembinaan Penyehatan Lingkungan Sehat","a",0,0,"2023","1",
"81","Pembinaan Penyehatan Lingkungan Sehat","SWA pantau limbah cair","hari",0,0,0,"kegiatan pantau limbah cair harian",0,"UKM Esensial","Kesehatan Lingkungan","Pembinaan Penyehatan Lingkungan Sehat","a",0,0,"2023","1",
"82","Pembinaan Penyehatan Lingkungan Sehat","Adanya kegiatan uji kualitas limbah cair","bulan",0,0,0,"kegiatan uji kualitas limbah cair setiap bulan",0,"UKM Esensial","Kesehatan Lingkungan","Pembinaan Penyehatan Lingkungan Sehat","a",0,0,"2023","1",
"83","Pembinaan Penyehatan Lingkungan Sehat","SWA pantau limbah medis dan B3","hari",0,0,0,"kegiatan pantau limbah medis dan B3 harian",0,"UKM Esensial","Kesehatan Lingkungan","Pembinaan Penyehatan Lingkungan Sehat","a",0,0,"2023","1",
"84","Pembinaan Penyehatan Lingkungan Sehat","Jumlah Pengangkutan Limbah Medis B3","kg/bulan",0,0,0,"Volume Pengangkutan Limbah Medis B3 setiap bulan",0,"UKM Esensial","Kesehatan Lingkungan","Pembinaan Penyehatan Lingkungan Sehat","a",0,0,"2023","1",
"85","Pembinaan Penyehatan Lingkungan Sehat","Jumlah Timbulan Sampah Domestik Anorganik","kg/bulan",0,0,0,"Volume Timbulan Sampah Anorganik setiap bulan",0,"UKM Esensial","Kesehatan Lingkungan","Pembinaan Penyehatan Lingkungan Sehat","a",0,0,"2023","1",
"86","Pembinaan Penyehatan Lingkungan Sehat","Jumlah Sampah anorganik Terpilah (Bank Sampah)","kg/bulan",0,0,0,"Volume sampah anorganik yang terpilah di bank sampah",0,"UKM Esensial","Kesehatan Lingkungan","Pembinaan Penyehatan Lingkungan Sehat","a",0,0,"2023","1",
"87","Pembinaan Penyehatan Lingkungan Sehat","Jumlah Timbulan sampah Domestik Organik","kg/bulan",0,0,0,"Volume Timbulan Sampah Domestik Organik setiap bulan",0,"UKM Esensial","Kesehatan Lingkungan","Pembinaan Penyehatan Lingkungan Sehat","a",0,0,"2023","1",
"88","Pembinaan Penyehatan Lingkungan Sehat","Jumlah sampah organik yang dikelola","kg/bulan",0,0,0,"Volume sampah organik yang dikelola melalui komposting/eco enzim",0,"UKM Esensial","Kesehatan Lingkungan","Pembinaan Penyehatan Lingkungan Sehat","a",0,0,"2023","1",
"89","Pemantauan Balita dan Ibu Hamil","Cakupan balita yang naik berat badannya","balita",0,0,0,"jml balita yg ditimbang di pusk, pustu, puskesling, posyandu, Fasyankes lainnya",0,"UKM Esensial","Gizi dan Pemberdayaan Masyarakat","Pemantauan Balita dan Ibu Hamil","a",0,0,"2023","1",
"90","Pemantauan Balita dan Ibu Hamil","Cakupan balita gizi buruk dan gizi kurang ( wasting: BB/TB)","balita",0,0,0,"jml balita Gizi Buruk dan gizi kurang yg ada di wil pusk",0,"UKM Esensial","Gizi dan Pemberdayaan Masyarakat","Pemantauan Balita dan Ibu Hamil","a",0,0,"2023","1",
"91","Pemantauan Balita dan Ibu Hamil","Cakupan balita pendek dan sangat pendek (stunting:TB/U)  ","balita",0,0,0,"Jumlah balita pendek dan sangat pendek (stunting:TB/U) yang ditemukan di wilayah puskesmas",0,"UKM Esensial","Gizi dan Pemberdayaan Masyarakat","Pemantauan Balita dan Ibu Hamil","a",0,0,"2023","1",
"92","Pemantauan Balita dan Ibu Hamil","Cakupan Ibu hamil KEK","bumil",0,0,0," jml ibu hamil KEK di wilayah Puskesmas",0,"UKM Esensial","Gizi dan Pemberdayaan Masyarakat","Pemantauan Balita dan Ibu Hamil","a",0,0,"2023","1",
"93","Pelayanan Gizi pada Masyarakat","Cakupan Validasi balita wasting(BB/TB)","balita",0,0,0,"Jumlah balita wasting diwilayah puskesmas",0,"UKM Esensial","Gizi dan Pemberdayaan Masyarakat","Pelayanan Gizi pada Masyarakat","a",0,0,"2023","1",
"94","Pelayanan Gizi pada Masyarakat","Cakupan Validasi balita stunting (TB/U)","balita",0,0,0,"Jumlah balita stunting diwilayah puskesmas",0,"UKM Esensial","Gizi dan Pemberdayaan Masyarakat","Pelayanan Gizi pada Masyarakat","a",0,0,"2023","1",
"95","Pelayanan Gizi pada Masyarakat","Cakupan Validasi balita gizi buruk (BB/TB)","balita",0,0,0,"Jumlah balita gizi buruk diwilayah puskesmas",0,"UKM Esensial","Gizi dan Pemberdayaan Masyarakat","Pelayanan Gizi pada Masyarakat","a",0,0,"2023","1",
"96","Pelayanan Gizi pada Masyarakat","Cakupan Validasi bumil KEK","bumil",0,0,0,"Jumlah bumil KEK diwilayah puskesmas",0,"UKM Esensial","Gizi dan Pemberdayaan Masyarakat","Pelayanan Gizi pada Masyarakat","a",0,0,"2023","1",
"97","Penyelidikan Epidemiologi","Cakupan laporan yang di Entry dalam aplikasi sigiterpadu setiap bulan","Laporan",0,0,0,"jml laporan yang ada sesuai dengan aplikasi sigiziterpadu di wilayah Puskesmas pada periode tersebut",0,"UKM Esensial","Gizi dan Pemberdayaan Masyarakat","Penyelidikan Epidemiologi","a",0,0,"2023","1",
"98","Penyelidikan Epidemiologi","Cakupan Entry data EPPGBM dalam dalam Pemantauan Status Gizi setiap bulan","balita",0,0,0,"jml balita yang diukur antropometri di wilayah Puskesmas",0,"UKM Esensial","Gizi dan Pemberdayaan Masyarakat","Penyelidikan Epidemiologi","a",0,0,"2023","1",
"99","Penyelidikan Epidemiologi","Cakupan Kadarzi","rumah tangga",0,0,0,"jml Rumah Tangga yang diperiksa kadarzi (1% dari total KK di wilayah selama setahun)",0,"UKM Esensial","Gizi dan Pemberdayaan Masyarakat","Penyelidikan Epidemiologi","a",0,0,"2023","1",
"100","Penyelidikan Epidemiologi","Cakupan Bayi diberi ASI eksklusif selama 6 bulan","bayi",0,0,0,"jml bayi usia 6 bln",0,"UKM Esensial","Gizi dan Pemberdayaan Masyarakat","Penyelidikan Epidemiologi","a",0,0,"2023","1",
"101","Edukasi Gizi","Cakupan Kader yang mendapatkan edukasi Gizi","kader",0,0,0,"jml kader yang menerima Edukasi Gizi dengan nilai ≥80 pada saat posttest (setiap bulan kadernya berbeda)",0,"UKM Esensial","Gizi dan Pemberdayaan Masyarakat","Edukasi Gizi","a",0,0,"2023","1",
"102","Edukasi Gizi","Frekuensi edukasi PMBA pada sasaran( bumil, ibu balita, ibu bayi, masyarakat lainnya )","kali",0,0,0,"Frekuensi Edukasi PMBA minimal 4 kali dalam sebulan (dengan lokasi yang berbeda)",0,"UKM Esensial","Gizi dan Pemberdayaan Masyarakat","Edukasi Gizi","a",0,0,"2023","1",
"103","Edukasi Gizi","Frekuensi edukasi obesitas pada sasaran( kader, bumil, ibu balita, ibu bayi, masyarakat lainnya )","kali",0,0,0,"Frekuensi Edukasi PMBA minimal 1 kali dalam sebulan (dengan lokasi yang berbeda)",0,"UKM Esensial","Gizi dan Pemberdayaan Masyarakat","Edukasi Gizi","a",0,0,"2023","1",
"104","Edukasi Gizi","Cakupan Kegiatan Rutin Posyandu setiap bulan sekali / 12 kali selama setahun","posyandu",0,0,0,"Jumlah Seluruh Posyandu melakukan kegiatan hari buka layanan Posyandu minimal 12 kali/tahun dalam bulan berbeda baik hari buka Posyandu maupun kunjungan rumah/kegiatan mandiri/janji temu ke fasyankes",0,"UKM Esensial","Gizi dan Pemberdayaan Masyarakat","Edukasi Gizi","a",0,0,"2023","1",
"105","Edukasi Gizi","Pencapaian rumah tangga sehat (PHBS strata utama dan paripurna)","Rumah Tangga (RT)",0,0,0,"Jumlah Seluruh Rumah Tangga yang ada, baik yg sdh mencapai PHBS RT Strata Pratama, Madya Utama dan Paripurna di wilayah Puskesmas selama setahun",0,"UKM Esensial","Gizi dan Pemberdayaan Masyarakat","Edukasi Gizi","a",0,0,"2023","1",
"106","Edukasi Gizi","Cakupan posyandu strata mandiri","posyandu",0,0,0,"Jumlah Seluruh Posyandu di wilayah Puskesmas",0,"UKM Esensial","Gizi dan Pemberdayaan Masyarakat","Edukasi Gizi","a",0,0,"2023","1",
"107","Edukasi Gizi","Cakupan kelurahan siaga aktif mandiri","kelurahan",0,0,0,"jumlah Seluruh kelurahan siaga aktif di wilayah kerja puskesmas",0,"UKM Esensial","Gizi dan Pemberdayaan Masyarakat","Edukasi Gizi","a",0,0,"2023","1",
"108","Edukasi Gizi","Sekolah SD/MI dengan dokter kecil","sekolaj",0,0,0,"Jumlah SD/MI diwilayah puskesmas",0,"UKM Esensial","Gizi dan Pemberdayaan Masyarakat","Edukasi Gizi","a",0,0,"2023","1",
"109","Edukasi Gizi","Cakupan siswa SD/MI kelas 1-6  yang di periksa","siswa",0,0,0,"Jumlah seluruh siswa SD kelas 1-6 ",0,"UKM Esensial","Gizi dan Pemberdayaan Masyarakat","Edukasi Gizi","a",0,0,"2023","1",
"110","Edukasi Gizi","Cakupan Siswa SLTP/MTs kelas 7-9 yang diperiksa","siswa",0,0,0,"jumlah siswa kelas 7 - 9 SMP/MTS",0,"UKM Esensial","Gizi dan Pemberdayaan Masyarakat","Edukasi Gizi","a",0,0,"2023","1",
"111","Edukasi Gizi","Cakupan anak usia 7-15 tahun di luar satuan pendidikan yang di periksa","siswa",0,0,0,"jumlah anak usia 7-15 tahun di luar satuan pendidikan (ponpres, panti/LKSA, LAPAS /LPKA dll)",0,"UKM Esensial","Gizi dan Pemberdayaan Masyarakat","Edukasi Gizi","a",0,0,"2023","1",
"112","Edukasi Gizi","Cakupan Siswa SMA/SMK/MA kelas 10-12 yang diperiksa","siswa",0,0,0,"Jumlah   siswa SMA/SMK/MA kelas 10-12",0,"UKM Esensial","Gizi dan Pemberdayaan Masyarakat","Edukasi Gizi","a",0,0,"2023","1",
"113","Edukasi Gizi","Sekolah SMP,SMA,SMK dan Madrasah dengan Kader Kesehatan Remaja (KKR)","sekolah",0,0,0,"Jumlah SMP, SMA,SMK/Madrasah di wilayah puskesmas",0,"UKM Esensial","Gizi dan Pemberdayaan Masyarakat","Edukasi Gizi","a",0,0,"2023","1",
"114","Edukasi Gizi","Pembentukan Model Sekolah Sehat","sekolah",0,0,0,"20% jumlah sekolah jenjang SD,SMP,SMA sederajat di wilayah puskesmas",0,"UKM Esensial","Gizi dan Pemberdayaan Masyarakat","Edukasi Gizi","a",0,0,"2023","1",
"115","Edukasi Gizi","Cakupan pembinaan Model Sekolah Sehat (MSS)","sekolah",0,0,0,"Jumlah sekolah  Model Sekolah Sehat  yang dibina oleh puskesmas  sebanyak 4 kali setahun per sekolah",0,"UKM Esensial","Gizi dan Pemberdayaan Masyarakat","Edukasi Gizi","a",0,0,"2023","1",
"116","Edukasi Gizi","Cakupan Pembinaan sekolah/madrasah melalui UKS/M","pembinaan",0,0,0,"Jumlah pembinaan yang dilakukan di sekolah/madrasah (TK/RA, SD/MI, SMP/MTs, SMA/SMK/MA) di wilayah puskesmas sebanyak 4 kali setahun",0,"UKM Esensial","Gizi dan Pemberdayaan Masyarakat","Edukasi Gizi","a",0,0,"2023","1",
"117","Edukasi Gizi","Cakupan sekolah/madrasah dibina melalui UKS/M","sekolah",0,0,0,"Jumlah sekolah/madrasah (TK/RA, SD/MI, SMP/MTs, SMA/SMK/MA) yang dibina puskesmas sebanyak 4 kali setahun",0,"UKM Esensial","Gizi dan Pemberdayaan Masyarakat","Edukasi Gizi","a",0,0,"2023","1",
"118","Edukasi Gizi","Cakupan sekolah yang melaksanakan Aksi Bergizi","sekolah",0,0,0,"Jumlah sekolah/madrasah jenjang SMP/MTs, SMA/SMK/MA termasuk ponpes yang melakukan kegiatan aksi bergizi",0,"UKM Esensial","Gizi dan Pemberdayaan Masyarakat","Edukasi Gizi","a",0,0,"2023","1",
"119","Edukasi Gizi","a. Cakupan siswi yang diperiksa resiko anemia dengan tanda klinis","siswi",0,0,0,"∑ siswi kelas 1-12 mendapat pemeriksaan berkala dan penjaringan kesehatan di wilayah puskesmas",0,"UKM Esensial","Gizi dan Pemberdayaan Masyarakat","Edukasi Gizi","a",0,0,"2023","1",
"120","Edukasi Gizi","b. Cakupan Remaja Putri yang di lakukan pemeriksaan HB","remaja putri",0,0,0,"∑ remaja putri kelas 7 dan 10 diperiksa indikasi anemia di wilayah puskesmas",0,"UKM Esensial","Gizi dan Pemberdayaan Masyarakat","Edukasi Gizi","a",0,0,"2023","1",
"121","Edukasi Gizi","Cakupan Remaja Putri  mengkonsumsi tablet Fe ","remaja putri",0,0,0,"∑Remaja putri  tingkat SMP, SMA sederajatnya , madrasah, pondok pesantren, posyandu remaja di wilayah puskesmas",0,"UKM Esensial","Gizi dan Pemberdayaan Masyarakat","Edukasi Gizi","a",0,0,"2023","1",
"122","Edukasi Gizi","Cakupan TTD rematri","TTD",0,0,0,"∑TTd diberikan atau di distribusikan ke sekolah (SMP/SMA dan sederajat, pondok pesantren, posyandu remaja)",0,"UKM Esensial","Gizi dan Pemberdayaan Masyarakat","Edukasi Gizi","a",0,0,"2023","1",
"123","Edukasi Gizi","Cakupan konsumsi TTD remaja putri","TTD",0,0,0,"∑TTd terpantau di minum remaja putri (SMP, SMA sederajatnya , madrasah, pondok pesantren, posyandu remaja)",0,"UKM Esensial","Gizi dan Pemberdayaan Masyarakat","Edukasi Gizi","a",0,0,"2023","1",
"124","Edukasi Gizi","Cakupan konsumsi TTD remaja putri","TTD",0,0,0,"∑TTd terpantau di minum remaja putri (SMP, SMA sederajatnya , madrasah, pondok pesantren, posyandu remaja)",0,"UKM Esensial","Gizi dan Pemberdayaan Masyarakat","Edukasi Gizi","a",0,0,"2023","1",
"125","Edukasi Gizi","Cakupan Remaja yang mendapatkan Penyuluhan KESPRO Remaja","remaja",0,0,0,"∑remaja di wilayah kerja pusk",0,"UKM Esensial","Gizi dan Pemberdayaan Masyarakat","Edukasi Gizi","a",0,0,"2023","1",
"126","Edukasi Gizi","Cakupan remaja mendapatkan konseling ","remaja",0,0,0,"∑remaja yang mendapat pelayanan kesehatan di wilayah puskesmas",0,"UKM Esensial","Gizi dan Pemberdayaan Masyarakat","Edukasi Gizi","a",0,0,"2023","1",
"127","Edukasi Gizi","Jumlah POSREM terbentuk di Kelurahan","POSREM",0,0,0,"Jumlah Posyandu Remaja di setiap kelurahan wilayah puskesmas (minimal 1 posrem/kelurahan)",0,"UKM Esensial","Gizi dan Pemberdayaan Masyarakat","Edukasi Gizi","a",0,0,"2023","1",
"128","Edukasi Gizi","Cakupan POSREM aktif","POSREM",0,0,0,"Jumlah Posyandu Remaja yang sudah terbentuk dan aktif  di wilayah puskesmas",0,"UKM Esensial","Gizi dan Pemberdayaan Masyarakat","Edukasi Gizi","a",0,0,"2023","1",
"129","Edukasi Gizi","Cakupan Entry Rematri dalam aplikasi Sigizi Terpadu","Rematri",0,0,0,"Jumlah Rematri diberi TTD dan di screening anemia (HB) oleh puskesmas yang telah terentry di Sigizi",0,"UKM Esensial","Gizi dan Pemberdayaan Masyarakat","Edukasi Gizi","a",0,0,"2023","1",
"130","PELAYANAN IMUNISASI","Imunisasi Dasar Lengkap (IDL) pada bayi","bayi",0,0,0,"Jumlah bayi usia 0-11 bulan di wilayah kerja puskesmas",0,"UKM Esensial","Pencengahan dan Pengendalian Penyakit","PELAYANAN IMUNISASI","a",0,0,"2023","1",
"131","PELAYANAN IMUNISASI","Cakupan Kelurahan UCI ( universal Child Immunization)","kelurahan",0,0,0,"Jumlah Kelurahan di Wilayah Kerja Puskesmas",0,"UKM Esensial","Pencengahan dan Pengendalian Penyakit","PELAYANAN IMUNISASI","a",0,0,"2023","1",
"132","PELAYANAN IMUNISASI","Cakupan Imunisasi MR Lanjutan pada Baduta","baduta",0,0,0,"Jumlah Baduta di wilayah Kerja Puskesmas",0,"UKM Esensial","Pencengahan dan Pengendalian Penyakit","PELAYANAN IMUNISASI","a",0,0,"2023","1",
"133","PELAYANAN IMUNISASI","Cakupan Imunisasi DPT-HB-Hib Lanjutan pada Baduta","baduta",0,0,0,"Jumlah Baduta di wilayah Kerja Puskesmas",0,"UKM Esensial","Pencengahan dan Pengendalian Penyakit","PELAYANAN IMUNISASI","a",0,0,"2023","1",
"134","PELAYANAN IMUNISASI","DT pada murid SD /SDLB/SLB/ MI Kelas I","murid",0,0,0,"Jumlah murid SD/SDLB/SLB/MI kelas I di Wilayah Kerja Puskesmas",0,"UKM Esensial","Pencengahan dan Pengendalian Penyakit","PELAYANAN IMUNISASI","a",0,0,"2023","1",
"135","PELAYANAN IMUNISASI","MR pada murid SD/SDLB/SLB/ MI kls 1","murid",0,0,0,"Jumlah murid SD/SDLB/SLB/MI kelas I di Wilayah Kerja Puskesmas",0,"UKM Esensial","Pencengahan dan Pengendalian Penyakit","PELAYANAN IMUNISASI","a",0,0,"2023","1",
"136","PELAYANAN IMUNISASI","Td pada murid SD/SDLB/SLB/ MI kelas II ","murid",0,0,0,"Jumlah murid SD/SDLB/SLB/MI kelas II di Wilayah Kerja Puskesmas",0,"UKM Esensial","Pencengahan dan Pengendalian Penyakit","PELAYANAN IMUNISASI","a",0,0,"2023","1",
"137","PELAYANAN IMUNISASI","Td pada murid SD/SDLB/SLB/ MI kelas V","murid",0,0,0,"Jumlah murid SD/SDLB/SLB/MI kelas V di Wilayah Kerja Puskesmas",0,"UKM Esensial","Pencengahan dan Pengendalian Penyakit","PELAYANAN IMUNISASI","a",0,0,"2023","1",
"138","PELAYANAN IMUNISASI","TD pada bumil di Wilayah Kerja Puskesmas","Bumil",0,0,0,"Jumlah bumil di Wilayah Kerja Puskesmas",0,"UKM Esensial","Pencengahan dan Pengendalian Penyakit","PELAYANAN IMUNISASI","a",0,0,"2023","1",
"139","PELAYANAN IMUNISASI","Td pada WUS usia 15 - 39 tahun di Wilayah Kerja Puskesmas","WUS",0,0,0,"Jumlah WUS usia 15 - 39 tahun di wilayah Kerja Puskesmas",0,"UKM Esensial","Pencengahan dan Pengendalian Penyakit","PELAYANAN IMUNISASI","a",0,0,"2023","1",
"140","PELAYANAN IMUNISASI","Cakupan laporan Pemantauan Suhu Harian Cold Chain di Puskesmas","Laporan",0,0,0,"Jumlah grafik pemantauan suhu harian cold chain yang dilakukan oleh Puskesmas yang dilaporkan setiap bulan",0,"UKM Esensial","Pencengahan dan Pengendalian Penyakit","PELAYANAN IMUNISASI","a",0,0,"2023","1",
"141","PELAYANAN IMUNISASI","Cakupan laporan Pemantauan Wilayah Setempat  Imunisasi","PWS",0,0,0,"Jumlah laporan PWS Imunisasi  yg harus dibuat dalam 1 th ( 12 bulan)",0,"UKM Esensial","Pencengahan dan Pengendalian Penyakit","PELAYANAN IMUNISASI","a",0,0,"2023","1",
"142","PENGAMATAN EPIDEMIOLOGI","Pembuatan Grafik Mingguan Kewaspadaan Penyakit SKDR","grafik",0,0,0,"Jumlah grafik SKDR penyakit potensi wabah yang dibuat setiao minggu oleh Puskesmas - min 4 grafik terupdate",0,"UKM Esensial","Pencengahan dan Pengendalian Penyakit","PENGAMATAN EPIDEMIOLOGI","a",0,0,"2023","1",
"143","PENGAMATAN EPIDEMIOLOGI","Penyelidikan Epidemiologi dan Tindak lanjut penanggulangan Kasus PD3I serta Keracunanan Makanan ≤ 24 setelah terima informasi","kasus",0,0,0,"Jumlah kasus PD3I  dan Keracunan Makanan yang diterima di wilayah kerja Puskesmas",0,"UKM Esensial","Pencengahan dan Pengendalian Penyakit","PENGAMATAN EPIDEMIOLOGI","a",0,0,"2023","1",
"144","PENGAMATAN EPIDEMIOLOGI","Penemuan kasus AFP ( Surveilans Aktif AFP)","kasus",0,0,0,"1 kasus penemuan AFP dan diambil sampel fasesnya  2 kali oleh Puskesmas di Wilayah Kerja",0,"UKM Esensial","Pencengahan dan Pengendalian Penyakit","PENGAMATAN EPIDEMIOLOGI","a",0,0,"2023","1",
"145","PENGAMATAN EPIDEMIOLOGI","b. mingguan / SKDR","minggu",0,0,0,"Jumlah laporan mingguan SKDR yg seharusnya dibuat dan dilaporkan oleh Puskesmas selama 1 tahun (52 Laporan)",0,"UKM Esensial","Pencengahan dan Pengendalian Penyakit","PENGAMATAN EPIDEMIOLOGI","a",0,0,"2023","1",
"146","PENGAMATAN EPIDEMIOLOGI","c. bulanan/  C-1 Campak","bulan",0,0,0,"Jumlah laporan C1 Campak  yg seharusnya dibuat dan dilaporkan oleh Puskesmas selama 1 tahun (12 Laporan)",0,"UKM Esensial","Pencengahan dan Pengendalian Penyakit","PENGAMATAN EPIDEMIOLOGI","a",0,0,"2023","1",
"147","PENGAMATAN EPIDEMIOLOGI","b. mingguan /SKDR","minggu",0,0,0,"Jumlah laporan SKDR yg seharusnya diaporkan tepat waktu (tiap minggu dan maksimasal senin)-52 laporan",0,"UKM Esensial","Pencengahan dan Pengendalian Penyakit","PENGAMATAN EPIDEMIOLOGI","a",0,0,"2023","1",
"148","PENGAMATAN EPIDEMIOLOGI","c. bulanan/  C-1 Campak","bulan",0,0,0,"Jumlah lapaporan C1 Campak yg seharusnya dilaporkan (paling lambat tgl 5)-12 laporan",0,"UKM Esensial","Pencengahan dan Pengendalian Penyakit","PENGAMATAN EPIDEMIOLOGI","a",0,0,"2023","1",
"149","PENGAMATAN EPIDEMIOLOGI","Pengambilan dan pemeriksaan sampel suspect campak","kasus",0,0,0,"Jumlah kasus suspect campak yang ditemukan",0,"UKM Esensial","Pencengahan dan Pengendalian Penyakit","PENGAMATAN EPIDEMIOLOGI","a",0,0,"2023","1",
"150","PTM","Jumlah penduduk usia 15-59 tahun yang dilakukan deteksi dini FR PTM sesuai target","penduduk uspro",0,0,0,"Jumlah usia produktif dilakukan DD FR PTM",0,"UKM Esensial","Pencengahan dan Pengendalian Penyakit","PTM","a",0,0,"2023","1",
"151","PTM","Cakupan penginputan ASIK sesuai target","orang",0,0,0,"Jumlah penduduk usia >=15 tahun yg dilakukan DD FR PTM dan diinput ke ASIK minimal 50 orang perbulan atau 600 orang pertahun",0,"UKM Esensial","Pencengahan dan Pengendalian Penyakit","PTM","a",0,0,"2023","1",
"152","PTM","Jumlah deteksi dini FR PTM pada usia >=15 tahun di OPD","kali/tahun",0,0,0,"Jumlah kegiatan deteksi dini FR PTM >=15 th di 67 OPD (min 2 kali/tahun) sesuai dengan Himbauan Sekda No. B/4659/443/VIII/2022 tanggal 25 Agustus 2022",0,"UKM Esensial","Pencengahan dan Pengendalian Penyakit","PTM","a",0,0,"2023","1",
"153","PTM","Cakupan kelurahan yang memiliki posbindu wilayah sesuai juknis","kelurahan",0,0,0,"100% kelurahan memiliki min 1 posbindu wilayah yang sesuai juknis (Tersedia SK, ada kader terlatih minimal 5, ada penyuluhan kesehatan ttg FR PTM dan dilakukan pembinaan oleh puskesmas sesuai instrumen minimal 1 tahun sekali)",0,"UKM Esensial","Pencengahan dan Pengendalian Penyakit","PTM","a",0,0,"2023","1",
"154","PTM","Capaian persentase skor pembentukan Posbindu khusus (4 kriteria) di wilayah puskesmas sesuai juknis posbindu PTM","Persen",0,0,0,"Minimal terbentuk 1 posbindu (non kelurahan dan instansi puskesmas) di wilayah kerja puskesmas yang sudah tersedia SK (skor 25%), ada kader terlatih minimal 5 (skor 25%), ada penyuluhan kesehatan ttg FR PTM ( skor 25%) dan dilakukan pembinaan oleh puskesmas sesuai instrumen minimal 1 tahun sekali (skor 25%)",0,"UKM Esensial","Pencengahan dan Pengendalian Penyakit","PTM","a",0,0,"2023","1",
"155","PTM","Jumlah penduduk usia >=15 tahun yang dilakukan PANDU PTM dan Carta Obesitas sesuai target","orang",0,0,0,"Jumlah penduduk usia >=15 tahun yang berisiko PTM berkunjung ke Puskesmas dilakukan Pandu PTM dan Carta Obesitas (min 600 orang/tahun atau 50 per bulan)",0,"UKM Esensial","Pencengahan dan Pengendalian Penyakit","PTM","a",0,0,"2023","1",
"156","PTM","Jumlah peserta konseling UBM sesuai target","Perokok",0,0,0,"Jumlah klien baru perokok yang dilakukan konseling per bulan (min 60 org/tahun atau 5 per bulan)",0,"UKM Esensial","Pencengahan dan Pengendalian Penyakit","PENGAMATAN EPIDEMIOLOGI","a",0,0,"2023","1",
"157","PTM","Jumlah sekolah yang dilakukan pembinaan KTR","sekolah",0,0,0,"Jumlah SD, SMP dan SMA atau sederajat di wilayah kerja puskesmas yang dilakukan pembinaan KTR",0,"UKM Esensial","Pencengahan dan Pengendalian Penyakit","PTM","a",0,0,"2023","1",
"158","PTM","Jumlah skrining perokok usia 10-18 pada kelas 5 SD, 7 SMP dan 10 SMA atau sederajat","siswa",0,0,0,"Jumlah sasaran siswa kelas 5 SD, 7 SMP dan 10 SMA yang dilakukan skrining perokok usia 10-18 tahun",0,"UKM Esensial","Pencengahan dan Pengendalian Penyakit","PTM","a",0,0,"2023","1",
"159","PTM","Jumlah siswa yang dilakukan deteksi dini gangguan indera penglihatan dan pendengaran di sekolah kelas 1 SD, 7 SMP dan 10 SMA atau sederajat","siswa",0,0,0,"Jumlah sasaran siswa kelas 1 SD, 7 SMP dan 10 SMA atau sederajat yang diakukan deteksi dini gangguan indera penglihatan dan pendengaran di sekolah, terintegrasi dengan penjaringan kesehatan",0,"UKM Esensial","Pencengahan dan Pengendalian Penyakit","PTM","a",0,0,"2023","1",
"160","PTM","Jumlah orang yang dilakukan deteksi dini gangguan indera penglihatan dan pendengaran di masy umum usia 15 >= tahun ","orang",0,0,0,"Jumlah penduduk usia >=15th yang dilakukan deteksi dini gangguan indera penglihatan dan pendengaran di luar sekolah",0,"UKM Esensial","Pencengahan dan Pengendalian Penyakit","PTM","a",0,0,"2023","1",
"161","PTM","Jumlah WUS 30-50 th yang dilakukan IVA & SADANIS","WUS",0,0,0,"50% dari jumlah WUS (30-50 tahun) yang melakukan screening Ca Cerviks dan Mammae min. setiap 5 tahun sekali",0,"UKM Esensial","Pencengahan dan Pengendalian Penyakit","PTM","a",0,0,"2023","1",
"162","PTM","Jumlah siswa yang dilakukan SDQ di seolah kelas 1SD, 7 SMP, dan 10 SMA atau sederajat","orang",0,0,0,"Jumlah sasaran siswa kelas 1 SD, 7 SMP, dan 10 SMA yang dilakukan SDQ disekolah kelas 1 SD, 7 SMP, dan 10 SMA atau sederajat dapat terintegrasi dengan penjaringan kesehatan",0,"UKM Esensial","Pencengahan dan Pengendalian Penyakit","PTM","a",0,0,"2023","1",
"163","PTM","Jumlah peserta diskrining jiwa dengan instrumen SRQ usia >=18 tahun sesuai estimasi target","orang",0,0,0,"Jumlah sasaran penduduk usia >=18 tahun dengan estimasi target sesuai prevalensi kasus GME yaitu 5,24% (Riskesdas 2018) yang dilakukan skrining jiwa dengan instrumen SRQ-20",0,"UKM Esensial","Pencengahan dan Pengendalian Penyakit","PTM","a",0,0,"2023","1",
"164","PTM","Cakupan perokok usia >= 15 th yang dilakukan skrining ASSIST sesuai target","Perokok",0,0,0,"Jumlah klien baru perokok dengan usia >=15 th yang dilakukan ASSIST sesuai target (min 60 org per tahun atau 5 orang perbulan)",0,"UKM Esensial","Pencengahan dan Pengendalian Penyakit","PTM","a",0,0,"2023","1",
"165","PEMBERANTASAN PENYAKIT","cakupan PE infeksi dengue","kasus",0,0,0,"cakupan kasus infeksi dengue (DD,DBD,DSS) yang dilakukan penyelidikan epidemiologi",0,"UKM Esensial","Pencengahan dan Pengendalian Penyakit","PEMBERANTASAN PENYAKIT","a",0,0,"2023","1",
"166","PEMBERANTASAN PENYAKIT","Kecepatan PE Infeksi Dengue ≤ 24 jam","kasus",0,0,0,"Cakupan kasus infeksi dengue (DD, DBD, DSS) yang dilakukan Penyelidikan Epidemiologi dengan tepat waktu (≤ 24 jam)",0,"UKM Esensial","Pencengahan dan Pengendalian Penyakit","PEMBERANTASAN PENYAKIT","a",0,0,"2023","1",
"167","PEMBERANTASAN PENYAKIT","Cakupan PE Non Infeksi Dengue","kasus",0,0,0,"Cakupan kasus penyakit tular vektor zoonosis (non infeksi dengue) yang dilakukan Penyelidikan Epidemiologi",0,"UKM Esensial","Pencengahan dan Pengendalian Penyakit","PEMBERANTASAN PENYAKIT","a",0,0,"2023","1",
"168","PEMBERANTASAN PENYAKIT","Kecepatan PE non Infeksi Dengue ≤ 24 jam","kasus",0,0,0,"Cakupan kasus penyakit tular vektor zoonosis (non infeksi dengue) yang dilakukan Penyelidikan Epidemiologi dengan tepat waktu (≤ 24 jam)",0,"UKM Esensial","Pencengahan dan Pengendalian Penyakit","PEMBERANTASAN PENYAKIT","a",0,0,"2023","1",
"169","PEMBERANTASAN PENYAKIT","Cakupan Laporan surveilans infeksi Dengue tepat waktu setiap bulannya (SILANTOR, Lap. Bulanan, Lap RDT DBD, Laporan G1R1J dan Entry SIP)","laporan",0,0,0,"Cakupan jenis laporan surveilans infeksi dengue yang dikirim ke DKK tepat waktu setiap bulannya. Ada 5 jenis laporan yaitu SILANTOR, Laporan bulanan, Laporan pemakaian RDT, Laporan G1R1J dan Entry SIP",0,"UKM Esensial","Pencengahan dan Pengendalian Penyakit","PEMBERANTASAN PENYAKIT","a",0,0,"2023","1",
"170","PEMBERANTASAN PENYAKIT","Cakupan monev Sicentik","laporan",0,0,0,"Cakupan sekolah (SD/MI dan SMP/MTS) yang dilakukan monev SICENTIK oleh puskesmas maksimal dilaporkan pada tanggal 25 bulan tersebut. Catatan : JUmlah sekolah <10 dilakukan monev ke sekolah secara langsung, jumlah sekolah >10 dilakukan monev dan pemantauan jentik min 50%dari total sekolah yang ada. Dan jumlah sisa sekolah yang ada dapat dilakukan monev melalui WAuntuk memperoleh data sicentik",0,"UKM Esensial","Pencengahan dan Pengendalian Penyakit","PEMBERANTASAN PENYAKIT","a",0,0,"2023","1",
"171","PEMBERANTASAN PENYAKIT","Cakupan Monev PJN dan PTP 2 kali per minggu","kelurahan",0,0,0,"Cakupan kelurahan yang dilakukan monev PJN dan PTP 2 kali per minggu oleh Puskesmas",0,"UKM Esensial","Pencengahan dan Pengendalian Penyakit","PEMBERANTASAN PENYAKIT","a",0,0,"2023","1",
"172","PEMBERANTASAN PENYAKIT","Cakupan Laporan surveilans Non Infeksi Dengue tepat waktu setiap bulannya (Lap. Esismal, Lap RDT Lepto, dan Lap RDT Malaria)","laporan",0,0,0,"Cakupan jenis laporan surveilans non infeksi dengue yang dikirim ke DKK tepat waktu setiap bulannya. Ada 3 jenis laporan yaitu Laporan Esismal, RDT Leptospirosis dan RDT Malaria.",0,"UKM Esensial","Pencengahan dan Pengendalian Penyakit","PEMBERANTASAN PENYAKIT","a",0,0,"2023","1",
"173","PEMBERANTASAN PENYAKIT","Cakupan kunjungan pasien filariasis","laporan",0,0,0,"Cakupan kunjungan Puskesmas kepada pasien filariasis dalam kurun waktu tertentu",0,"UKM Esensial","Pencengahan dan Pengendalian Penyakit","PEMBERANTASAN PENYAKIT","a",0,0,"2023","1",
"174","Diare","Cakupan Pemberian Zn","laporan",0,0,0,"Jumlah pasien diare balita selama tahun berjalan",0,"UKM Esensial","Pencengahan dan Pengendalian Penyakit","PEMBERANTASAN PENYAKIT","a",0,0,"2023","1",
"175","Diare","Cakupan Pelacakan KLB Diare","laporan",0,0,0,"Jumlah KLB diare selama tahun berjalan",0,"UKM Esensial","Pencengahan dan Pengendalian Penyakit","PEMBERANTASAN PENYAKIT","a",0,0,"2023","1",
"176","Diare","Cakupan Pelacakan/ Kunjungan Monev Kasus Diare (Diare dengan dehidarasi sedang s.d berat) Balita","laporan",0,0,0,"Jumlah Kasus Diare Balita dengan Dehidrasi sedang sampai Berat selama tahun berjalan",0,"UKM Esensial","Pencengahan dan Pengendalian Penyakit","PEMBERANTASAN PENYAKIT","a",0,0,"2023","1",
"177","ISPA-PNUMONIA","Cakupan Tatalaksana Pemeriksaan Balita Batuk Sesuai Standar","laporan",0,0,0,"Jumlah pasien balita yang berkunjung ke Puskesmas dengan keluhan batuk dan atau kesukaran bernapas",0,"UKM Esensial","Pencengahan dan Pengendalian Penyakit","PEMBERANTASAN PENYAKIT","a",0,0,"2023","1",
"178","ISPA-PNUMONIA","Cakupan Pengobatan Kasus Pneumonia Balita Sesuai Standar","laporan",0,0,0,"Jumlah kasus pneumonia balita yang dilayani di Puskesmas",0,"UKM Esensial","Pencengahan dan Pengendalian Penyakit","PEMBERANTASAN PENYAKIT","a",0,0,"2023","1",
"179","ISPA-PNUMONIA","Penurunan Kejadian Pneumonia Balita","laporan",0,0,0,"Jumlah penduduk usia balita di Wilayah Kerja Puskesmas",0,"UKM Esensial","Pencengahan dan Pengendalian Penyakit","PEMBERANTASAN PENYAKIT","a",0,0,"2023","1",
"180","ISPA-PNUMONIA","Cakupan Kunjungan Pneumonia Balita (1x24 Jam)","laporan",0,0,0,"Jumlah kasus pnuemonia balita di wilayah kerja yang dilayani di Puskesmas",0,"UKM Esensial","Pencengahan dan Pengendalian Penyakit","PEMBERANTASAN PENYAKIT","a",0,0,"2023","1",
"181","ISPA-PNUMONIA","Cakupan Kunjungan Pneumonia Balita","laporan",0,0,0,"Jumlah kasus pnuemonia balita di wilayah kerja yang dilayani di Puskesmas",0,"UKM Esensial","Pencengahan dan Pengendalian Penyakit","PEMBERANTASAN PENYAKIT","a",0,0,"2023","1",
"182","ISPA-PNUMONIA","Cakupan Penyuluhan Penyakit Kegawatan pada Bayi dan balita (diare dan pneumonia)","laporan",0,0,0,"Jumlah sasaran (Kelas Bumil + Kelas Balita + Posyandu) di wilayah kerja Puskesmas",0,"UKM Esensial","Pencengahan dan Pengendalian Penyakit","PEMBERANTASAN PENYAKIT","a",0,0,"2023","1",
"183","KUSTA","Presentase Pasien Kusta PB Selesai Pengobatan","laporan",0,0,0,"Jumlah seluruh pasien Kusta PB yang ditargetkan selesai pengobatan di faskes",0,"UKM Esensial","Pencengahan dan Pengendalian Penyakit","PEMBERANTASAN PENYAKIT","a",0,0,"2023","1",
"184","KUSTA","Presentase Pasien Kusta MB Selesai Pengobatan","laporan",0,0,0,"Jumlah seluruh pasien Kusta MB yang ditargetkan selesai pengobatan di faskes",0,"UKM Esensial","Pencengahan dan Pengendalian Penyakit","PEMBERANTASAN PENYAKIT","a",0,0,"2023","1",
"185","KUSTA","Cakupan PE Kusta","laporan",0,0,0,"Jumlah penderita Kusta baru",0,"UKM Esensial","Pencengahan dan Pengendalian Penyakit","PEMBERANTASAN PENYAKIT","a",0,0,"2023","1",
"186","FRAMBUSIA","Presentase Ketepatan Laporan Bulanan Frambusia","laporan",0,0,0,"Jumlah Target Laporan Frambusia yang dilaporkan",0,"UKM Esensial","Pencengahan dan Pengendalian Penyakit","PEMBERANTASAN PENYAKIT","a",0,0,"2023","1",
"187","FRAMBUSIA","cakupan suspek frambusia yang di periksa RDT Syphilis","Orang",0,0,0,"jumlah suspek frambusia di puskesmas",0,"UKM Esensial","Pencengahan dan Pengendalian Penyakit","PEMBERANTASAN PENYAKIT","a",0,0,"2023","1",
"188","FRAMBUSIA","Cakupan PE Frambusia","Orang",0,0,0,"Jumlah Penderita Frambusia Baru",0,"UKM Esensial","Pencengahan dan Pengendalian Penyakit","PEMBERANTASAN PENYAKIT","a",0,0,"2023","1",
"189","FRAMBUSIA","Cakupan SD diperiksa Frambusia","jumlah SD",0,0,0,"Jumlah SD yang periksa Frambusia yang di targetkan",0,"UKM Esensial","Pencengahan dan Pengendalian Penyakit","PEMBERANTASAN PENYAKIT","a",0,0,"2023","1",
"190","P2TB","Capaian Standar Pelayanan Minimal (SPM)","Orang",0,0,0,"Penduduk berdomisili di wilayah kerja Puskesmas dengan gejala yang mengarah ke Tuberkulosis (estimasi jumlah terduga Tuberkulosis)",0,"UKM Esensial","Pencengahan dan Pengendalian Penyakit","PEMBERANTASAN PENYAKIT","a",0,0,"2023","1",
"191","P2TB","Cakupan Terapi Pencegahan Tuberkulosis (TPT)","Orang",0,0,0,"Jumlah pasien dengan HBsAg positif di wilayah kerja pada bulan tersebut",0,"UKM Esensial","Pencengahan dan Pengendalian Penyakit","PEMBERANTASAN PENYAKIT","a",0,0,"2023","1",
"192","P2TB","Cakupan Penyuluhan Kelompok dengan Tema TBC Tingkat Kelurahan","Orang",0,0,0,"Target penyuluhan berdasarkan kriteria kasus di wilayah kerja tahun lalu",0,"UKM Esensial","Pencengahan dan Pengendalian Penyakit","PEMBERANTASAN PENYAKIT","a",0,0,"2023","1",
"193","P2TB","Cakupan Skrining Tuberkulosis","Orang",0,0,0,"15% dari jumlah penduduk",0,"UKM Esensial","Pencengahan dan Pengendalian Penyakit","PEMBERANTASAN PENYAKIT","a",0,0,"2023","1",
"194","P2TB","Cakupan Investigasi Kasus Tuberkulosis Sesuai Standar","Orang",0,0,0,"Jumlah kasus Tuberkulosis baru di wilayah kerja Puskesmas yang diinfokan",0,"UKM Esensial","Pencengahan dan Pengendalian Penyakit","PEMBERANTASAN PENYAKIT","a",0,0,"2023","1",
"195","P2TB","Rasio Kontak Erat Tuberkulosis","Orang",0,0,0,"20 kali jumlah kasus Tuberkulosis baru di wilayah kerja yang diinfokan",0,"UKM Esensial","Pencengahan dan Pengendalian Penyakit","PEMBERANTASAN PENYAKIT","a",0,0,"2023","1",
"196","P2TB","Cakupan Pasien Tuberkulosis yang Mengetahui Status HIV","Orang",0,0,0,"Jumlah seluruh pasien Tuberkulosis yang berobat di Puskesmas",0,"UKM Esensial","Pencengahan dan Pengendalian Penyakit","PEMBERANTASAN PENYAKIT","a",0,0,"2023","1",
"197","P2TB","Cakupan Keberhasilan Program Pengobatan Pasien Tuberkulosis Sensitif Obat (SO) di Puskesmas","Orang",0,0,0,"Jumlah pasien Tuberkulosis SO yang ditargetkan sembuh dan pengobatan lengkap tahun berjalan (8 bulan sejak tanggal mulai pengobatan) yang berobat di Puskesmas",0,"UKM Esensial","Pencengahan dan Pengendalian Penyakit","PEMBERANTASAN PENYAKIT","a",0,0,"2023","1",
"198","P2TB","Cakupan Keberhasilan Program Pengobatan Pasien Tuberkulosis Sensitif Obat (SO) di Wilayah Kerja","Orang",0,0,0,"Jumlah pasien Tuberkulosis SO yang ditargetkan sembuh dan pengobatan lengkap tahun berjalan (8 bulan sejak tanggal mulai pengobatan) yang berdomisili di wilayah kerja Puskesmas",0,"UKM Esensial","Pencengahan dan Pengendalian Penyakit","PEMBERANTASAN PENYAKIT","a",0,0,"2023","1",
"199","P2TB","Cakupan Investigasi Putus Obat Tuberkulosis Sesuai Standar","Orang",0,0,0,"Jumlah kasus Tuberkulosis yang putus obat di wilayah kerja Puskesmas yang diinfokan",0,"UKM Esensial","Pencengahan dan Pengendalian Penyakit","PEMBERANTASAN PENYAKIT","a",0,0,"2023","1",
"200","P2TB","Cakupan Investigasi Mangkir Tuberkulosis","Orang",0,0,0,"Jumlah kasus Tuberkulosis mangkir di wilayah kerja Puskesmas yang diinfokan",0,"UKM Esensial","Pencengahan dan Pengendalian Penyakit","PEMBERANTASAN PENYAKIT","a",0,0,"2023","1",
"201","P2TB","Cakupan Kunjungan Rumah Tuberkulosis","Orang",0,0,0,"Jumlah kunjungan follow-up ke kasus Tuberkulosis di wilayah kerja Puskesmas yang seharusnya dilakukan (di bulan ke 2, 5, dan akhir pengobatan)",0,"UKM Esensial","Pencengahan dan Pengendalian Penyakit","PEMBERANTASAN PENYAKIT","a",0,0,"2023","1",
"202","P2TB","Cakupan Supervisi TBC ke Dokter Praktek Mandiri (DPM)/Klinik","Orang",0,0,0,"Jumlah FKTP swasta (DPM/ Klinik) yang berlokasi dan terdaftar di wilayah kerja Puskesmas yang aktif melakukan praktik/pelayanan kesehatan dokter umum",0,"UKM Esensial","Pencengahan dan Pengendalian Penyakit","PEMBERANTASAN PENYAKIT","a",0,0,"2023","1",
"203","P2TB","Cakupan Dokter Praktek Mandiri (DPM)/Klinik yang Menemukan Terduga Tuberkulosis","Orang",0,0,0,"Jumlah FKTP swasta (DPM/ Klinik) yang berlokasi dan terdaftar di wilayah kerja Puskesmas yang aktif melakukan praktik/pelayanan kesehatan dokter umum",0,"UKM Esensial","Pencengahan dan Pengendalian Penyakit","PEMBERANTASAN PENYAKIT","a",0,0,"2023","1",
"204","P2TB","Cakupan Keberhasilan Program Pengobatan Pasien Tuberkulosis Resisten Obat (RO) di Puskesmas","Orang",0,0,0,"Jumlah pasien Tuberkulosis RO yang ditargetkan sembuh dan pengobatan lengkap tahun berjalan (24 bulan sejak tanggal mulai pengobatan) yang berobat di Puskesmas",0,"UKM Esensial","Pencengahan dan Pengendalian Penyakit","PEMBERANTASAN PENYAKIT","a",0,0,"2023","1",
"205","P2TB","Cakupan Keberhasilan Program Pengobatan Pasien Tuberkulosis Resisten Obat (RO) di Wilayah Kerja","Orang",0,0,0,"Jumlah pasien Tuberkulosis RO yang ditargetkan sembuh dan pengobatan lengkap tahun berjalan (24 bulan sejak tanggal mulai pengobatan) yang berdomisili di wilayah kerja Puskesmas",0,"UKM Esensial","Pencengahan dan Pengendalian Penyakit","PEMBERANTASAN PENYAKIT","a",0,0,"2023","1",
"206","P2TB","Cakupan Pasien Tuberkulosis Resisten Obat (RO) yang Memulai Pengobatan di Puskesmas","Orang",0,0,0,"Jumlah pasien yang terdiagnosis Tuberkulosis RO di Puskesmas",0,"UKM Esensial","Pencengahan dan Pengendalian Penyakit","PEMBERANTASAN PENYAKIT","a",0,0,"2023","1",
"207","P2TB","Cakupan Pasien Tuberkulosis Resisten Obat (RO) yang Memulai Pengobatan di Wilayah Kerja","Orang",0,0,0,"Jumlah pasien terdiagnosis Tuberkulosis RO yang berdomisili di wilayah kerja Puskesmas",0,"UKM Esensial","Pencengahan dan Pengendalian Penyakit","PEMBERANTASAN PENYAKIT","a",0,0,"2023","1",
"208","Hepatitis","Cakupan Rujukan HBsAg Positif","Orang",0,0,0,"Jumlah pasien dengan HBsAg positif di wilayah kerja pada bulan tersebut",0,"UKM Esensial","Pencengahan dan Pengendalian Penyakit","PEMBERANTASAN PENYAKIT","a",0,0,"2023","1",
"209","Hepatitis","Cakupan orang berisiko dites anti-HCV (DDHC)","Orang",0,0,0,"Jumlah pasien baru dengan HIV positif dan penasun di wilayah kerja",0,"UKM Esensial","Pencengahan dan Pengendalian Penyakit","PEMBERANTASAN PENYAKIT","a",0,0,"2023","1",
"210","Hepatitis","Cakupan Rujukan Anti-HCV Positif","Orang",0,0,0,"Jumlah pasien dengan anti HCV positif di wilayah kerja pada bulan tersebut",0,"UKM Esensial","Pencengahan dan Pengendalian Penyakit","PEMBERANTASAN PENYAKIT","a",0,0,"2023","1",
"211","Hepatitis","Cakupan orang positif Hepatitis C yang mendapatkan terapi","Orang",0,0,0,"Jumlah pasien postif Hepatitis C yang ditargetkan mendapatkan terapi selama 8 bulan dengan hasil akhir sembuh atau pengobatan lengkap",0,"UKM Esensial","Pencengahan dan Pengendalian Penyakit","PEMBERANTASAN PENYAKIT","a",0,0,"2023","1",
"212","IMS, HIV dan 3E","Presentase bumil dites HIV","Orang",0,0,0,"Jumlah bumil di wilayah kerja puskesmas",0,"UKM Esensial","Pencengahan dan Pengendalian Penyakit","PEMBERANTASAN PENYAKIT","a",0,0,"2023","1",
"213","IMS, HIV dan 3E","Presentase bumil dites Sifilis","Orang",0,0,0,"Jumlah bumil di wilayah kerja puskesmas",0,"UKM Esensial","Pencengahan dan Pengendalian Penyakit","PEMBERANTASAN PENYAKIT","a",0,0,"2023","1",
"214","IMS, HIV dan 3E","Presentase bumil dites Hepatitis B","Orang",0,0,0,"Jumlah bumil di wilayah kerja puskesmas",0,"UKM Esensial","Pencengahan dan Pengendalian Penyakit","PEMBERANTASAN PENYAKIT","a",0,0,"2023","1",
"215","IMS, HIV dan 3E","Prosentase bumil positif sifilis dilayani","Orang",0,0,0,"Jumlah bumil positif sifilis di wilayah kerja pusk",0,"UKM Esensial","Pencengahan dan Pengendalian Penyakit","PEMBERANTASAN PENYAKIT","a",0,0,"2023","1",
"216","IMS, HIV dan 3E","Prosentase bumil reaktif HIV masuk PDP","Orang",0,0,0,"Jumlah bumil reaktif HIV di wilayah kerja pusk",0,"UKM Esensial","Pencengahan dan Pengendalian Penyakit","PEMBERANTASAN PENYAKIT","a",0,0,"2023","1",
"217","IMS, HIV dan 3E","Prosentase bumil reaktif HIV dapat ARV","Orang",0,0,0,"Jumlah bumil reaktif HIV di wilayah kerja pusk",0,"UKM Esensial","Pencengahan dan Pengendalian Penyakit","PEMBERANTASAN PENYAKIT","a",0,0,"2023","1",
"218","IMS, HIV dan 3E","Prosentase bumil positif hepatitis B dirujuk","Orang",0,0,0,"Jumlah bumil reaktif hepatitis B wil kerja pusk",0,"UKM Esensial","Pencengahan dan Pengendalian Penyakit","PEMBERANTASAN PENYAKIT","a",0,0,"2023","1",
"219","IMS, HIV dan 3E","Prosentase anak lahir dari bumil positif Hep B dapat HBIG","Orang",0,0,0,"Jumlah bayi lahir dari bumil pos Hep B periode waktu tertentu di wil kerja pusk",0,"UKM Esensial","Pencengahan dan Pengendalian Penyakit","PEMBERANTASAN PENYAKIT","a",0,0,"2023","1",
"220","IMS, HIV dan 3E","Prosentase anak lahir dari ibu reaktif HIV dapat profilaksis","Orang",0,0,0,"Jumlah bayi lahir dari ibu reaktif HIV di wil kerja pusk",0,"UKM Esensial","Pencengahan dan Pengendalian Penyakit","PEMBERANTASAN PENYAKIT","a",0,0,"2023","1",
"221","IMS, HIV dan 3E","Prosentase bayi lahir dari bumil reaktif Hepatitis B di tes HBSAG","Orang",0,0,0,"Jumlah bayi lahir dari bumil pos Hep B umur 9-12 bln pada periode waktu tertentu di wil kerja pusk",0,"UKM Esensial","Pencengahan dan Pengendalian Penyakit","PEMBERANTASAN PENYAKIT","a",0,0,"2023","1",
"222","IMS, HIV dan 3E","Capaian Standar Pelayanan Minimal (SPM) Pelayanan kesehatan orang dengan risiko terinfeksi virus yang melemahkan daya tahan tubuh manusia (Human Immunodeficiency Virus)","Orang",0,0,0,"Jumlah orang berisiko terinfeksi HIV mendapatkan pelayanan deteksi dini HIV sesuai standar yang berdomisili di wilayah kerja Puskesmas dalam kurun waktu satu tahun",0,"UKM Esensial","Pencengahan dan Pengendalian Penyakit","PEMBERANTASAN PENYAKIT","a",0,0,"2023","1",
"223","IMS, HIV dan 3E","Cakupan Pasien yang menerima hasil test HIV","Orang",0,0,0,"Jml. Pasien yang datang di layanan untuk tes HIV",0,"UKM Esensial","Pencengahan dan Pengendalian Penyakit","PEMBERANTASAN PENYAKIT","a",0,0,"2023","1",
"224","IMS, HIV dan 3E","Cakupan klien positif HIV yang dirujuk ke layanan PDP","Orang",0,0,0,"jumlah Pasien yang HIV positif",0,"UKM Esensial","Pencengahan dan Pengendalian Penyakit","PEMBERANTASAN PENYAKIT","a",0,0,"2023","1",
"226","IMS, HIV dan 3E","Penyuluhan HIV","Orang",0,0,0,"6 penyuluhan per Kelurahan per tahun",0,"UKM Esensial","Pencengahan dan Pengendalian Penyakit","PEMBERANTASAN PENYAKIT","a",0,0,"2023","1",
"227","IMS, HIV dan 3E","Survey Anti Stigma","Orang",0,0,0,"100 responden per bulan",0,"UKM Esensial","Pencengahan dan Pengendalian Penyakit","PEMBERANTASAN PENYAKIT","a",0,0,"2023","1",
"228","IMS, HIV dan 3E","Cakupan HIV positif yang diskrining gejala TBC","Orang",0,0,0,"Jml. Klien HIV (+)",0,"UKM Esensial","Pencengahan dan Pengendalian Penyakit","PEMBERANTASAN PENYAKIT","a",0,0,"2023","1",
"229","IMS, HIV dan 3E","Cakupan Investigasi HIV baru","Orang",0,0,0,"Jml. HIV baru di wil. Kerja yg diinfokan",0,"UKM Esensial","Pencengahan dan Pengendalian Penyakit","PEMBERANTASAN PENYAKIT","a",0,0,"2023","1",
"230","IMS, HIV dan 3E","Cakupan Investigasi LFU HIV","Orang",0,0,0,"Jml. HIV LFU di wil. Kerja yg diinfokan",0,"UKM Esensial","Pencengahan dan Pengendalian Penyakit","PEMBERANTASAN PENYAKIT","a",0,0,"2023","1",
"231","COVID","Prosentase Pasien Covid19 yang dilakukan PE 1x24 jam","Orang",0,0,0,"Jumlah kasus Covid19 terkonfirmasi di wilayah kerja",0,"UKM Esensial","Pencengahan dan Pengendalian Penyakit","PEMBERANTASAN PENYAKIT","a",0,0,"2023","1",
"232","COVID","Rasio Kontak Erat Pasien Covid Terkonfirmasi","Rasio",0,0,0,"14 orang kontak erat",0,"UKM Esensial","Pencengahan dan Pengendalian Penyakit","PEMBERANTASAN PENYAKIT","a",0,0,"2023","1",
"233","COVID","Prosentase Tindaklanjut pada Pasien Covid19 terkonfirmasi","Orang",0,0,0,"Jumlah kasus Covid19 terkonfirmasi di wilayah kerja",0,"UKM Esensial","Pencengahan dan Pengendalian Penyakit","PEMBERANTASAN PENYAKIT","a",0,0,"2023","1",
"234","COVID","Cakupan Sampling Sistem Kewaspadaan Dini Covid","sampel",0,0,0,"Jml. Sampel yg ditargetkan (Kasus pada bulan itu x 3)",0,"UKM Esensial","Pencengahan dan Pengendalian Penyakit","PEMBERANTASAN PENYAKIT","a",0,0,"2023","1",
"235","PELAYANAN PERKESMAS","Kenaikan Tingkat kemandirian KM 3 sampe dengan KM 4","Tingkat Kemandirian",0,0,0,"70% dari keluarga yang dibina",0,"UKM Esensial","Pelayanan Perkesmas","PEMBERANTASAN PENYAKIT","a",0,0,"2023","1",
"236","PELAYANAN PERKESMAS","Cakupan pencapaian Perkesmas","kel. binaan",0,0,0,"Jumlah keluarga yang dilakukan ASKEP dibagi jumlah sasaran",0,"UKM Esensial","Pelayanan Perkesmas","PEMBERANTASAN PENYAKIT","a",0,0,"2023","1",
"237","PELAYANAN PERKESMAS","Sasaran keluarga binaan di wilayah kerja puskesmas","keluarga",0,0,0,"2,66 % jml KK (Pra Sehat + Tidak Sehat)",0,"UKM Esensial","Pelayanan Perkesmas","PEMBERANTASAN PENYAKIT","a",0,0,"2023","1",
"1","KIA DAN KB","Cakupan K1","Bumil","81","90","90","jumlah bumil estimasi","88","UKM Esensial","KIA dan KB","Kesehatan Ibu dan KB","a","108.64197530864","100","2023","1",,"Poncol",
